English,Spanish
the,la
be,ser
and,y
of,de
a,un
in,en
to,para
have,tener
to,para
it,eso
I,yo
that,ese
for,por
you,tú
he,él
with,con
on,en
do,hacer
s,s
say,decir
they,ellos
this,este
but,pero
at,a
we,nosotros
his,su
from,desde
that,ese
not,no
n't,Nuevo Testamento
by,por
or,o
she,ella
as,como
what,qué
go,Vamos
their,su
will,voluntad
who,quién
can,puede
get,conseguir
if,si
all,todos
would,haría
her,ella
make,hacer
about,sobre
my,mi
know,saber
as,como
there,allá
one,uno
up,arriba
time,tiempo
year,año
so,asi que
think,pensar
see,ver
which,cual
when,cuando
some,algunos
them,a ellos
people,gente
take,tomar
me,me
out,afuera
into,en
just,sólo
him,a él
come,venir
your,su
now,ahora
could,podría
than,que
like,me gusta
other,otro
then,entonces
how,cómo
its,su
two,dos
our,nuestro
more,más
these,estos
want,querer
way,camino
no,no
look,Mira
first,primero
also,además
new,nuevo
because,porque
day,día
more,más
use,usar
man,hombre
here,aquí
find,encontrar
give,dar
thing,cosa
well,bien
many,muchos
only,solamente
those,aquellas
tell,contar
very,muy
one,uno
even,incluso
her,ella
back,espalda
any,ninguna
good,bueno
us,a nosotros
through,a través de
woman,mujer
life,la vida
child,niño
there,allá
down,abajo
work,trabajar
after,después
call,llamar
may,mayo
world,mundo
over,terminado
should,debería
still,quieto
try,tratar
in,en
school,colegio
as,como
last,ultimo
ask,pedir
too,también
need,necesidad
three,Tres
feel,sentir
when,cuando
become,volverse
state,Expresar
never,nunca
between,Entre
high,alto
something,alguna cosa
really,De Verdad
most,la mayoría
another,otro
much,mucho
own,propio
family,familia
out,afuera
house,casa
leave,abandonar
put,poner
old,antiguo
on,en
while,tiempo
mean,significar
let,dejar
why,por qué
president,presidente
keep,mantenerse
same,mismo
great,estupendo
begin,empezar
big,grande
seem,parecer
group,grupo
country,país
talk,hablar
problem,problema
where,donde
turn,giro
student,alumno
every,cada
hand,mano
help,ayudar
against,contra
start,comienzo
American,Americano
part,parte
show,show
about,sobre
over,terminado
might,podría
such,tal
place,lugar
again,otra vez
city,ciudad
case,caso
most,la mayoría
few,pocos
system,sistema
week,semana
where,donde
company,empresa
each,cada
percent,por ciento
hear,oír
so,asi que
during,durante
question,pregunta
right,derecho
program,programa
work,trabajar
run,correr
number,número
small,pequeña
government,gobierno
play,desempeñar
off,apagado
move,Muevete
like,me gusta
always,siempre
night,noche
believe,creer
today,hoy dia
hold,mantener
point,punto
live,En Vivo
happen,suceder
bring,traer
next,Siguiente
without,sin
before,antes de
large,largo
must,deber
all,todos
war,guerra
home,casa
under,por debajo
room,habitación
fact,hecho
area,área
national,nacional
write,escribe
money,dinero
right,derecho
story,historia
water,agua
mother,madre
different,diferente
young,joven
month,mes
lot,lote
book,libro
eye,ojo
study,estudio
job,trabajo
kind,clase
word,palabra
issue,tema
side,lado
four,cuatro
business,negocio
though,aunque
head,cabeza
far,lejos
long,largo
black,negro
million,millón
both,ambas cosas
little,poco
yes,sí
after,después
since,ya que
around,alrededor
long,largo
provide,proveer
service,Servicio
important,importante
sit,sentar
away,lejos
friend,amigo
however,sin embargo
power,energía
no,no
yet,aún
father,padre
hour,hora
often,a menudo
until,hasta
political,político
line,línea
end,final
stand,permanecer
among,entre
game,juego
ever,alguna vez
lose,perder
bad,malo
member,miembro
meet,reunir
pay,pagar
law,ley
almost,casi
car,coche
later,luego
much,mucho
name,nombre
include,incluir
five,cinco
center,centro
once,una vez
university,Universidad
continue,Seguir
least,menos
real,real
white,blanco
change,cambio
set,colocar
several,varios
ago,atrás
information,información
nothing,ninguna cosa
community,comunidad
best,mejor
right,derecho
idea,ocurrencia
lead,Plomo
body,cuerpo
learn,aprender
kid,niño
minute,minuto
table,mesa
whether,ya sea
understand,comprender
team,equipo
back,espalda
watch,reloj
together,juntos
follow,seguir
around,alrededor
only,solamente
stop,detener
face,rostro
anything,cualquier cosa
public,público
social,social
already,ya
parent,padre
speak,hablar
create,crear
office,oficina
allow,permitir
level,nivel
read,leer
spend,gastar
person,persona
door,puerta
sure,Por supuesto
add,agregar
street,calle
such,tal
history,historia
party,fiesta
grow,crecer
reason,razón
morning,Mañana
open,abierto
within,dentro de
change,cambio
although,aunque
walk,andar
news,noticias
health,salud
court,tribunal
force,fuerza
early,temprano
himself,él mismo
air,aire
low,bajo
before,antes de
art,Arte
result,resultado
moment,momento
offer,oferta
both,ambas cosas
remember,recuerda
research,investigar
enough,suficiente
girl,chica
boy,chico
win,ganar
food,alimento
across,en
guy,chico
second,segundo
able,poder
toward,hacia
maybe,quizás
process,proceso
off,apagado
everything,todo
appear,Aparecer
age,años
policy,política
consider,considerar
including,incluido
probably,probablemente
education,educación
love,amor
actually,Realmente
buy,comprar
wait,Espere
die,morir
human,humano
send,enviar
fee,tarifa
expect,suponer
serve,servir
sense,sentido
teacher,profesor
home,casa
market,mercado
stay,Quédate
build,construir
nation,nación
fall,otoño
oh,Oh
death,muerte
plan,plan
interest,interés
someone,alguien
experience,experiencia
cut,Corte
kill,matar
behind,detrás
reach,alcanzar
six,seis
local,local
remain,permanecer
effect,efecto
suggest,sugerir
use,usar
control,control
perhaps,quizás
raise,elevar
class,clase
late,tarde
little,poco
major,principal
yeah,sí
else,más
pass,aprobar
photo,foto
sell,vender
themselves,ellos mismos
field,campo
college,colega
sometimes,algunas veces
former,anterior
development,desarrollo
require,exigir
along,a lo largo de
decide,decidir
security,seguridad
up,arriba
possible,posible
effort,esfuerzo
role,role
better,mejor
rate,Velocidad
strong,fuerte
music,música
report,reporte
leader,líder
light,luz
whole,todo
voice,voz
color,color
heart,corazón
care,cuidado
police,policía
economic,económico
wife,esposa
show,show
mind,mente
report,reporte
finally,finalmente
drug,droga
less,menos
return,devolver
according,de acuerdo a
pull,jalar
decision,decisión
explain,explique
carry,llevar
develop,desarrollar
view,vista
free,gratis
hope,esperar
even,incluso
drive,conducir
son,hijo
arm,brazo
department,Departamento
TRUE,CIERTO
price,precio
military,militar
federal,federal
break,romper
action,acción
value,valor
thank,gracias
relationship,relación
town,pueblo
better,mejor
building,edificio
receive,recibir
society,sociedad
difference,diferencia
church,iglesia
full,lleno
join,unirse
road,la carretera
because,porque
international,internacional
model,modelo
position,posición
tax,impuesto
director,director
early,temprano
agree,aceptar
matter,materia
especially,especialmente
form,forma
record,registro
special,especial
ground,tierra
whose,cuyo
hard,difícil
pick,elegir
paper,papel
official,oficial
season,estación
wear,vestir
event,evento
support,apoyo
space,espacio
player,jugador
everyone,todo el mundo
couple,pareja
end,final
base,base
project,proyecto
produce,producir
site,sitio
situation,situación
hit,pegar
industry,industria
half,mitad
activity,actividad
American,Americano
eat,comer
itself,sí mismo
need,necesidad
figure,figura
cost,costo
easy,fácil
quite,bastante
face,rostro
picture,imagen
clear,claro
cover,cubrir
describe,describir
image,imagen
teach,enseñar
wall,pared
doctor,doctor
recent,reciente
product,producto
data,datos
practice,práctica
phone,teléfono
piece,pieza
certain,determinado
either,o
oil,aceite
simply,simplemente
test,prueba
personal,personal
star,estrella
land,tierra
third,tercera
general,general
computer,computadora
movie,película
worker,trabajador
open,abierto
catch,captura
type,tipo
support,apoyo
north,norte
love,amor
step,paso
attention,atención
technology,tecnología
organization,organización
baby,bebé
source,fuente
draw,dibujar
cause,causa
tree,árbol
film,película
choose,escoger
evidence,evidencia
Republican,Republicano
difficult,difícil
century,siglo
nearly,cerca de
red,rojo
look,Mira
point,punto
window,ventana
park,parque
period,período
culture,cultura
hair,pelo
listen,escucha
chance,oportunidad
less,menos
available,disponible
brother,hermano
summer,el verano
realize,darse cuenta de
private,privado
no,no
science,Ciencias
letter,carta
congress,congreso
condition,condición
short,corto
likely,probable
opportunity,oportunidad
rule,regla
choice,elección
single,soltero
place,lugar
patient,paciente
floor,piso
term,término
material,material
mile,milla
administration,administración
well,bien
course,curso
defense,defensa
plant,planta
energy,energía
campaign,campaña
population,población
fire,fuego
close,Cerrar
daughter,hija
involve,involucrar
husband,esposo
wrong,equivocado
certainly,seguramente
increase,aumentar
future,futuro
south,sur
medical,médico
call,llamar
board,junta
anyone,cualquiera
deal,acuerdo
hospital,hospital
rest,descanso
seek,buscar
myself,mí mismo
county,condado
fight,pelear
subject,Asunto
risk,riesgo
order,pedido
west,Oeste
economy,economía
quickly,con rapidez
throw,tirar
bed,cama
officer,oficial
represent,representar
soon,pronto
top,cima
fill,llenar
author,autor
past,pasado
upon,sobre
goal,meta
behavior,comportamiento
drop,soltar
nature,naturaleza
agency,agencia
plan,plan
recently,hace poco
second,segundo
store,Tienda
foreign,extranjero
current,Actual
performance,actuación
bank,banco
sound,sonar
push,empujar
focus,enfocar
reduce,reducir
note,Nota
before,antes de
fine,multa
near,cerca
than,que
movement,movimienot
common,común
other,otro
billion,mil millones
blood,sangre
page,página
concern,inquietud
poor,pobre
enter,ingresar
share,Cuota
each,cada
series,serie
usually,usualmente
natural,natural
hot,caliente
race,carrera
language,idioma
river,río
dead,muerto
act,Actuar
significant,significativo
no,no
response,respuesta
rise,elevar
decade,década
article,artículo
thus,por lo tanto
seven,Siete
shoot,disparo
east,este
animal,animal
away,lejos
similar,similar
save,ahorrar
factor,factor
central,central
occur,ocurrir
committee,comité
serious,serio
sport,deporte
lie,mentir
beyond,más allá de
exactly,exactamente
despite,A pesar de
happy,feliz
eight,ocho
protect,proteger
list,lista
size,Talla
quality,calidad
pressure,presión
accept,aceptar
ready,Listo
approach,Acercarse
sign,señal
attack,ataque
individual,individual
career,carrera
answer,responder
dog,perro
media,medios de comunicación
thought,pensamiento
whatever,lo que
determine,determinar
television,televisión
meeting,reunión
scene,escena
success,éxito
prepare,preparar
identify,identificar
press,prensa
particularly,particularmente
resource,recurso
amount,Monto
argue,argumentar
recognize,reconocer
treatment,tratamiento
left,izquierda
degree,grado
stock,valores
indicate,indicar
growth,crecimiento
simple,sencillo
ability,capacidad
dollar,dólar
union,Unión
disease,enfermedad
everybody,todos
wonder,preguntarse
election,elección
loss,pérdida
box,caja
deal,acuerdo
herself,sí misma
fund,fondo
miss,señorita
pretty,bastante
region,región
feeling,sentimiento
lay,poner
training,capacitación
message,mensaje
arrive,llegar
standard,estándar
outside,fuera de
fail,fallar
trade,comercio
staff,personal
benefit,beneficio
character,personaje
army,ejército
association,asociación
operation,operación
present,presente
crime,delito
name,nombre
cup,taza
island,isla
analysis,análisis
check,controlar
answer,responder
photograph,fotografía
glass,vidrio
forward,delantero
authority,autoridad
earth,tierra
stage,escenario
one,uno
act,Actuar
sort,clasificar
station,estación
clearly,claramente
little,poco
compare,comparar
indeed,Por supuesto
public,público
knowledge,conocimiento
state,Expresar
blue,azul
example,ejemplo
strategy,estrategia
mountain,montaña
guess,adivinar
sister,hermana
force,fuerza
gun,pistola
various,varios
laugh,risa
environment,ambiente
design,diseño
sun,sol
lawyer,abogado
sex,sexo
rather,bastante
artist,artista
club,club
prove,demostrar
section,sección
skill,habilidad
truth,verdad
set,colocar
ok,OK
manager,gerente
executive,ejecutivo
district,distrito
claim,reclamar
forget,olvidar
hang,colgar
entire,completo
leg,pierna
enough,suficiente
design,diseño
close,Cerrar
study,estudio
since,ya que
environmental,ambiental
establish,establecer
democratic,democrático
remove,retirar
main,principal
professor,profesor
financial,financiero
enjoy,disfrutar
network,la red
sound,sonar
discuss,conversar
form,forma
final,final
trial,prueba
legal,legal
help,ayudar
cold,frío
above,sobre
rock,roca
that,ese
seat,asiento
weapon,arma
song,canción
expert,experto
radio,radio
nice,bonito
avoid,evitar
memory,memoria
management,administración
charge,cargo
spring,primavera
card,tarjeta
maintain,mantener
theory,teoría
care,cuidado
visit,visitar
imagine,imaginar
finish,terminar
statement,declaración
firm,firma
huge,enorme
respond,responder
popular,popular
hard,difícil
physical,físico
talk,hablar
traditional,tradicional
contain,Contiene
peace,paz
green,verde
thanks,Gracias
control,control
Democrat,Demócrata
base,base
impact,impacto
structure,estructura
tonight,esta noche
note,Nota
direction,dirección
fly,volar
onto,sobre
king,rey
reveal,revelar
cell,celúla
religious,religioso
ball,pelota
particular,especial
employee,empleado
head,cabeza
suddenly,repentinamente
apply,aplicar
shake,sacudir
cultural,cultural
chair,silla
PM,PM
justice,justicia
discover,descubrir
measure,medida
politics,política
manage,gestionar
treat,tratar
yourself,tú mismo
pain,dolor
evening,anochecer
rather,bastante
unit,unidad
affect,afectar
play,desempeñar
production,producción
bit,poco
inside,en el interior
far,lejos
range,distancia
top,cima
worry,preocuparse
perform,llevar a cabo
necessary,necesario
conference,conferencia
individual,individual
candidate,candidato
museum,museo
specific,específico
best,mejor
throughout,a lo largo de
hall,salón
past,pasado
fish,pescado
trip,viaje
mention,mencion
edge,borde
trouble,problema
interview,entrevista
style,estilo
middle,medio
cause,causa
ten,diez
weight,peso
adult,adulto
dream,sueño
fear,miedo
dark,oscuro
sign,señal
method,método
somebody,alguien
magazine,revista
reflect,reflejar
heavy,pesado
soldier,soldado
property,propiedad
beautiful,hermoso
writer,escritor
stuff,cosa
camera,cámara
improve,mejorar
shoulder,hombro
bar,bar
hotel,hotel
instead,en cambio
hill,Cerro
exist,existir
sea,mar
institution,institución
purpose,objetivo
pattern,patrón
detail,detalle
machine,máquina
challenge,desafío
owner,propietario
agent,agente
tough,pese
ahead,adelante
generation,generación
commercial,comercial
whom,quién
fall,otoño
down,abajo
surface,superficie
budget,presupuesto
senator,senador
bag,bolso
reality,la realidad
editor,editor
tend,tender
address,dirección
civil,civil
step,paso
discussion,discusión
test,prueba
mom,mamá
violence,violencia
total,total
skin,piel
heat,calor
council,Consejo
notice,darse cuenta
beat,golpear
nor,ni
modern,moderno
vote,votar
sing,cantar
cancer,cáncer
finger,dedo
lake,lago
wish,deseo
marriage,matrimonio
victim,víctima
task,tarea
yard,patio
kitchen,cocina
item,ít
responsibility,responsabilidad
mouth,boca
agreement,convenio
attorney,abogado
capital,capital
threat,amenaza
smile,sonreír
gas,gas
instead,en cambio
positive,positivo
track,pista
investment,inversión
account,cuenta
break,romper
rich,rico
citizen,ciudadano
audience,audiencia
lady,dama
dinner,cena
western,occidental
debate,debate
consumer,consumidor
majority,mayoria
interesting,interesante
prevent,prevenir
travel,viajar
born,nacido
relate,relatar
assume,asumir
none,ninguna
admit,admitir
front,parte delantera
figure,figura
coach,entrenador
partner,compañero
shot,Disparo
scientist,científico
senior,sénior
suffer,sufrir
alone,solo
collection,recopilación
successful,exitoso
speech,habla
eventually,eventualmente
key,llave
mission,misión
score,puntaje
newspaper,periódico
wind,viento
reform,reforma
concerned,preocupado
professional,profesional
relation,relación
troops,tropas
garden,jardín
access,acceso
publish,publicar
recall,recuerdo
Soviet,Soviético
cost,costo
southern,meridional
senate,senado
opinion,opinión
option,opción
judge,juez
original,original
customer,cliente
critical,crítico
corner,esquina
basic,básico
income,ingreso
directly,directamente
own,propio
release,liberación
restaurant,restaurante
neighborhood,vecindario
effective,eficaz
labor,mano de obra
nobody,nadie
stare,mirar fijamente
immediately,inmediatamente
achieve,lograr
forest,bosque
dad,padre
hurt,herir
video,video
strike,Huelga
safety,la seguridad
absolutely,absolutamente
therefore,por lo tanto
freedom,libertad
version,versión
like,me gusta
plane,plano
attitude,actitud
sexual,sexual
refer,referirse
fresh,fresco
involved,involucrado
powerful,poderoso
bird,pájaro
touch,toque
variety,variedad
deep,profundo
text,texto
wide,amplio
credit,crédito
nine,nueve
sleep,dormir
investigation,investigación
hope,esperar
announce,anunciar
by,por
completely,completamente
vote,votar
conduct,conducta
conflict,conflicto
replace,reemplazar
attend,asistir
participant,partícipe
argument,argumento
object,objeto
please,por favor
nuclear,nuclear
sky,cielo
along,a lo largo de
afternoon,tarde
hundred,ciento
encourage,animar
perfect,Perfecto
possibility,posibilidad
turn,giro
British,británico
once,una vez
examine,examinar
conversation,conversacion
generally,generalmente
beginning,comienzo
secretary,secretario
experience,experiencia
beach,playa
safe,seguro
spirit,espíritu
weekend,fin de semana
date,fecha
define,definir
feature,rasgo
global,global
very,muy
element,elemento
attempt,intento
slowly,despacio
governor,gobernador
through,a través de
concept,concepto
sorry,Lo siento
easily,fácilmente
battle,batalla
league,liga
camp,acampar
introduce,introducir
status,estado
insurance,seguro
complete,completo
stick,vara
solution,solución
web,web
vision,visión
stone,Roca
lack,carencia
driver,conductor
normal,normal
truck,camión
minister,ministro
handle,resolver
hole,agujero
front,parte delantera
fan,ventilador
spot,punto
crisis,crisis
supposed,supuesto
refuse,rehusar
drink,beber
researcher,investigador
tradition,tradición
communication,comunicación
distance,distancia
ship,Embarcacion
gain,ganar
express,Rápido
independent,independiente
ice,hielo
scale,escala
brain,cerebro
winter,invierno
commission,comisión
wood,madera
increase,aumentar
return,devolver
division,división
species,especies
AM,SOY
roll,rodar
hide,ocultar
middle,medio
client,cliente
resident,residente
contract,contrato
gold,oro
future,futuro
potential,potencial
presence,presencia
institute,instituto
screen,pantalla
run,correr
Chinese,Chino
horse,caballo
European,europeo
target,objetivo
willing,dispuesto
survey,encuesta
interested,interesado
chief,jefe
crowd,multitud
prison,prisión
terms,términos
obviously,obviamente
basis,base
apartment,Departamento
farm,granja
flight,vuelo
shape,forma
demand,pedir
strength,fuerza
village,aldea
operate,funcionar
reporter,reportero
share,Cuota
guard,Guardia
observe,observar
deliver,entregar
count,contar
inside,en el interior
advantage,ventaja
wild,salvaje
previous,anterior
average,promedio
emerge,surgir
contribute,contribuir
leadership,liderazgo
boat,bote
facility,instalaciones
present,presente
earn,ganar
highly,altamente
vehicle,vehículo
pound,libra
tiny,diminuto
understanding,comprensión
settle,asentarse
unless,a no ser que
tomorrow,mañana
foundation,Fundación
quick,rápido
block,cuadra
light,luz
reader,lector
collect,recolectar
guest,huésped
living,viviendo
tool,herramienta
protection,proteccion
fair,justa
additional,adicional
promote,promover
equipment,equipo
mostly,principalmente
order,pedido
painting,pintura
feed,alimentación
principle,principio
bowl,cuenco
claim,reclamar
technique,técnica
limit,límite
identity,identidad
title,título
critic,crítico
survive,sobrevivir
cry,llorar
border,frontera
lift,levantar
path,sendero
aspect,aspecto
marry,casar
shop,tienda
failure,falla
ride,montar
responsible,responsable
gather,recolectar
jump,salto
sample,muestra
affair,asunto
result,resultado
worth,valor
fit,encajar
chairman,presidente
until,hasta
lesson,lección
Christmas,Navidad
insist,insistir
anybody,cualquiera
folk,gente
band,banda
ear,oído
procedure,procedimiento
associate,asociado
inch,pulgada
warm,cálido
African,africano
French,Francés
baseball,béisbol
demonstrate,demostrar
foot,pie
Christian,cristiano
approach,Acercarse
competition,competencia
measure,medida
afraid,temeroso
spread,untado
ignore,ignorar
soft,suave
annual,anual
wonderful,maravilloso
threaten,amenazar
commit,comprometerse
deny,negar
intelligence,inteligencia
regular,regular
influence,influencia
general,general
past,pasado
reaction,reacción
cross,equis
master,Maestro
suit,traje
blow,soplar
destroy,destruir
gift,regalo
coffee,café
anyway,de todas formas
belief,creencia
comment,comentario
apparently,aparentemente
twice,dos veces
background,antecedentes
quarter,cuarta parte
review,revisión
faith,fe
move,Muevete
speed,velocidad
engage,comprometerse
broad,amplio
perspective,perspectiva
slightly,levemente
growing,creciente
view,vista
function,función
construction,construcción
egg,huevo
charge,cargo
wave,onda
female,femenino
murder,asesinato
tape,cinta
burn,Quemadura
means,significa
aware,consciente
mistake,error
quiet,tranquilo
connection,conexión
shoe,zapato
clothes,ropa
promise,promesa
religion,religión
complete,completo
united,unido
context,contexto
active,activo
focus,enfocar
youth,juventud
location,localización
neighbor,vecino
dress,vestir
Internet,Internet
category,categoría
dangerous,peligroso
extend,extender
combine,combinar
demand,pedir
coast,costa
relatively,relativamente
smile,sonreír
bus,autobús
hey,Oye
chief,jefe
following,siguiente
depend,depender
key,llave
hell,infierno
visit,visitar
bone,hueso
cook,cocinero
fire,fuego
direct,directo
native,nativo
cool,frio
cut,Corte
remind,recordar
historical,histórico
moral,moral
voter,votante
appropriate,adecuado
famous,famoso
hire,contratar
victory,victoria
contact,contacto
fully,completamente
negative,negativo
medicine,medicamento
participate,participar
grade,calificación
eastern,oriental
supply,suministro
yesterday,el dia de ayer
familiar,familiar
democracy,democracia
pair,par
drive,conducir
healthy,saludables
front,parte delantera
tie,Corbata
birth,nacimiento
progress,Progreso
damage,daño
exchange,intercambio
bottom,abajo
daily,diariamente
next,Siguiente
document,documento
grand,grandioso
journal,diario
knee,rodilla
primary,primario
otherwise,de lo contrario
train,tren
grab,agarrar
circle,círculo
lean,inclinarse
wine,vino
minority,minoría
flower,flor
device,dispositivo
Iraqi,iraquí
plate,lámina
attack,ataque
clean,limpio
alive,vivo
actor,actor
hate,odio
expression,expresión
below,abajo
bright,brillante
press,prensa
tour,recorrido
finding,hallazgo
exercise,ejercicio
plastic,el plastico
danger,peligro
neck,cuello
valley,Valle
academic,académico
start,comienzo
application,solicitud
intend,pretender
male,masculino
tall,alto
shut,cerrado
lots,un montón
Indian,indio
respect,respeto
colleague,colega
writing,escritura
rain,lluvia
fast,rápido
football,fútbol americano
welcome,bienvenido
domestic,Doméstico
pool,piscina
literature,literatura
extra,extra
northern,del Norte
desire,deseo
direct,directo
fight,pelear
corporate,corporativo
session,sesión
supreme,supremo
studio,estudio
Russian,ruso
nod,asentir
learning,aprendizaje
climb,subida
importance,importancia
somewhere,en algún lugar
expand,expandir
fourth,cuatro
dry,seco
disappear,desaparecer
abuse,abuso
chicken,pollo
obtain,obtener
map,mapa
carefully,cuidadosamente
close,Cerrar
increasingly,cada vez más
greatest,mejor
complex,complejo
metal,metal
lead,Plomo
above,sobre
jury,jurado
sweet,dulce
proposal,propuesta
impossible,imposible
scientific,científico
ticket,billete
leaf,lámina
classroom,aula
surround,rodear
lunch,comida
alone,solo
meaning,significado
injury,lesión
invite,invitar
enemy,enemigo
repeat,repetir
bear,soportar
lip,labio
mayor,alcalde
award,premio
attempt,intento
commitment,compromiso
consequence,consecuencia
instruction,instrucción
surprise,sorpresa
poll,encuesta
favorite,favorito
explore,explorar
predict,predecir
adopt,adoptar
sight,visión
storm,tormenta
half,mitad
assessment,evaluación
weather,clima
pocket,bolsillo
aid,ayuda
reading,leyendo
thin,delgada
soul,alma
strange,extraño
married,casado
organize,organizar
conclusion,conclusión
fuel,combustible
urban,urbano
belong,pertenecer
salt,sal
farmer,granjero
straight,directo
advice,consejo
cover,cubrir
balance,equilibrio
temperature,temperatura
empty,vacío
conclude,concluir
somehow,de alguna manera
presidential,presidencial
limit,límite
prime,principal
breast,seno
desk,escritorio
record,registro
breath,aliento
theater,teatro
under,por debajo
acknowledge,reconocer
theme,temática
fat,grasa
software,software
sugar,azúcar
educational,educativo
thousand,mil
code,código
fear,miedo
connect,conectar
yellow,amarillo
instrument,instrumento
Japanese,japonés
panel,panel
library,biblioteca
expensive,caro
emotional,emocional
engine,motor
propose,proponer
mental,mental
difficulty,dificultad
train,tren
brown,marrón
basically,básicamente
last,ultimo
average,promedio
ring,anillo
mark,Marcos
locate,localizar
search,búsqueda
largely,en gran parte
possibly,posiblemente
anymore,ya no
generate,generar
regional,regional
obvious,obvio
angry,enfadado
analyst,analista
accident,accidente
trend,tendencia
like,me gusta
appearance,apariencia
currently,actualmente
shadow,sombra
being,ser
moon,luna
bridge,puente
but,pero
recommend,recomendar
hearing,audiencia
fruit,Fruta
dance,baile
shift,cambio
comfortable,cómodo
struggle,dificil
revenue,ingresos
notion,noción
okay,de acuerdo
package,paquete
ought,debería
traffic,tráfico
internal,interno
prefer,preferir
crew,tripulación
search,búsqueda
profit,lucro
regulation,regulación
link,Enlace
thinking,pensando
hardly,difícilmente
airport,aeropuerto
human,humano
extremely,extremadamente
sick,enfermo
capture,captura
unique,único
actual,actual
chest,pecho
meal,comida
beauty,belleza
extent,medida
defend,defender
visitor,visitante
outside,fuera de
judge,juez
dozen,docena
declare,declarar
emergency,emergencia
ad,anuncio
truly,realmente
planet,planeta
select,Seleccione
ethnic,étnico
nose,nariz
loan,préstamo
cash,dinero en efectivo
contribution,contribución
slow,lento
contrast,contraste
bottle,botella
launch,lanzar
novel,novedoso
feature,rasgo
duty,deber
root,raíz
content,contenido
component,componente
appreciate,agradecer
circumstance,circunstancia
teaching,enseñando
paint,pintar
matter,materia
thick,grueso
cat,gato
neither,ninguno de los dos
standard,estándar
ourselves,Nosotros mismos
correct,correcto
warn,advertir
capacity,capacidad
challenge,desafío
convention,convención
politician,político
pursue,buscar
setting,ajuste
zone,zona
dress,vestir
pilot,piloto
ensure,asegurar
ultimately,por último
male,masculino
wake,despertar
shirt,camisa
influence,influencia
guide,guía
AIDS,SIDA
mix,mezcla
slip,deslizar
steal,robar
late,tarde
frequently,frecuentemente
blame,culpa
sheet,sábana
estimate,estimar
relief,alivio
combination,combinación
investor,inversor
due,adeudado
silence,silencio
manner,conducta
muscle,músculo
branch,sucursal
chain,cadena
long,largo
telephone,teléfono
investigate,investigar
German,Alemán
percentage,porcentaje
outcome,Salir
estate,bienes
forth,adelante
stress,estrés
equal,igual
English,inglés
welfare,bienestar
typical,típico
crazy,loco
except,excepto
funny,divertido
meat,carne
appeal,apelación
long-term,a largo plazo
official,oficial
eliminate,eliminar
used,utilizado
motion,movimiento
complain,quejarse
row,hilera
Jewish,judío
kick,patada
snow,nieve
producer,productor
solve,resolver
just,sólo
issue,tema
opposition,oposición
basketball,baloncesto
rely,confiar
conservative,conservador
trust,confianza
back,espalda
address,dirección
mirror,espejo
tank,tanque
range,distancia
significantly,significativamente
somewhat,un poco
attract,atraer
anywhere,en cualquier sitio
regime,régimen
fix,arreglar
entirely,enteramente
afford,poder pagar
length,longitud
secret,secreto
pleasure,Placer
file,expediente
tooth,diente
confirm,confirmar
separate,separado
golden,dorado
photograph,fotografía
meanwhile,Entretanto
except,excepto
now,ahora
channel,canal
bedroom,dormitorio
requirement,requisito
ancient,antiguo
coverage,cobertura
trail,camino
bear,soportar
host,anfitrión
his,su
check,controlar
stand,permanecer
surgery,cirugía
perception,percepción
rare,extraño
struggle,dificil
era,era
grant,conceder
file,expediente
ocean,Oceano
seriously,en serio
clear,claro
confidence,confianza
aside,aparte
tear,lágrima
judgment,juicio
industrial,industrial
expectation,expectativa
resolution,resolución
copy,dupdo
wing,ala
doubt,duda
fun,divertido
totally,totalmente
pour,verter
gender,género
surprised,sorprendido
beer,cerveza
clean,limpio
score,puntaje
bond,vínculo
plus,más
debt,deuda
smart,inteligente
English,inglés
terrible,terrible
witness,testigo
reference,referencia
account,cuenta
separate,separado
mean,significar
vice,vicio
black,negro
rest,descanso
hero,héroe
bomb,bomba
below,abajo
rating,clasificación
busy,ocupado
cite,citar
corporation,corporación
representative,representante
everywhere,En todas partes
soil,suelo
highway,carretera
frame,marco
stretch,estirar
oppose,oponerse a
Catholic,católico
cloud,nube
initial,inicial
variable,variable
essential,básico
travel,viajar
improvement,mejora
opening,apertura
necessarily,necesariamente
nurse,enfermera
incident,incidente
abortion,aborto
divide,dividir
aim,apuntar
tired,cansado
careful,Cuidado
question,pregunta
cheap,barato
beside,al lado de
apart,aparte
criminal,delincuente
employ,emplear
rush,correr
user,usuario
upper,superior
winner,ganador
fashion,Moda
tip,propina
apple,manzana
rise,elevar
vast,enorme
specifically,específicamente
limited,limitado
enormous,enorme
holiday,fiesta
e-mail,Email
emphasize,enfatizar
merely,meramente
dance,baile
core,centro
match,partido
landscape,paisaje
overall,general
golf,golf
lack,carencia
virtually,virtualmente
route,ruta
flow,caudal
fewer,menos
cable,cable
gate,portón
tie,Corbata
proud,orgulloso
promise,promesa
dish,plato
beneath,bajo
increased,aumentó
succeed,triunfar
barely,apenas
narrow,angosto
solid,sólido
contemporary,contemporáneo
accuse,acusar
unfortunately,desafortunadamente
useful,útil
noise,ruido
expose,exponer
mass,masa
multiple,múltiple
vegetable,vegetal
seed,semilla
reject,rechazar
decline,rechazar
experiment,experimento
legislation,legislación
hat,sombrero
either,o
secret,secreto
massive,enorme
grass,césped
definitely,definitivamente
closer,cerca
liberal,liberal
stir,remover
captain,capitán
revolution,revolución
typically,típicamente
sector,sector
hand,mano
approve,aprobar
uncle,tío
volume,volumen
explanation,explicación
sentence,frase
escape,escapar
unusual,inusual
distribution,distribución
rural,rural
cast,emitir
drink,beber
sleep,dormir
household,familiar
celebrate,celebrar
taste,gusto
characteristic,característica
outside,fuera de
addition,suma
acquire,adquirir
closely,cercanamente
proper,correcto
tone,tono
topic,tema
towards,hacia
waste,desperdicio
wheel,rueda
athlete,atleta
convince,convencer
alternative,alternativa
pepper,pimienta
cream,crema
land,tierra
technical,técnico
square,cuadrado
plenty,infinidad
behind,detrás
invest,invertir
mind,mente
potential,potencial
regard,respecto
intervention,intervención
illegal,ilegal
lower,más bajo
compete,competir
talent,talento
guilty,culpable
living,viviendo
milk,Leche
height,altura
list,lista
live,En Vivo
assistance,asistencia
personality,personalidad
Israeli,israelí
gay,gay
forever,para siempre
assess,evaluar
weak,débil
female,femenino
cigarette,cigarrillo
permit,permiso
passenger,pasajero
criticism,crítica
twenty,20
honor,honor
creative,creativo
offer,oferta
knock,golpe
display,mostrar
campus,instalaciones
definition,definición
gray,gris
signal,señal
warning,advertencia
physician,médico
column,columna
interaction,Interacción
dramatic,dramático
review,revisión
republic,república
primarily,ante todo
priority,prioridad
achievement,logro
fun,divertido
request,petición
wrap,envolver
engineer,ingeniero
rice,arroz
scholar,erudito
airline,aerolínea
expense,gastos
observation,observación
gap,brecha
agenda,agenda
creation,creación
drag,arrastrar
suspect,sospechar
fishing,pescar
bread,pan de molde
hi,hola
unable,incapaz
scream,gritar
journalist,el periodista
constitution,constitución
lucky,suerte
excellent,excelente
mass,masa
payment,pago
deep,profundo
selection,selección
lab,laboratorio
arrest,arrestar
deeply,profundamente
sad,triste
childhood,infancia
suppose,suponer
fairly,justamente
prosecutor,fiscal
violent,violento
recover,recuperar
roof,techo
amendment,enmienda
emotion,emoción
existing,existente
far,lejos
graduate,graduado
factory,fábrica
schedule,calendario
avenue,avenida
spiritual,espiritual
ride,montar
wash,lavar
planning,planificación
self,uno mismo
later,luego
shout,grito
silent,silencio
brief,breve
error,error
widely,ampliamente
description,descripción
dark,oscuro
immediate,inmediato
purchase,compra
leading,principal
funding,fondos
settlement,asentamiento
prayer,oración
initiative,iniciativa
coalition,coalición
comparison,comparación
portion,parte
opponent,adversario
tension,tensión
chapter,capítulo
bother,molestar
curriculum,plan de estudios
consist,consistir
immigrant,inmigrante
enable,permitir
faculty,facultad
steel,acero
desert,Desierto
asset,activo
slow,lento
housing,alojamiento
transform,transformar
regarding,con respecto a
perceive,percibir
depression,depresión
inform,informar
formal,formal
abandon,abandonar
release,liberación
chip,chip
double,doble
remaining,restante
existence,existencia
cheese,queso
link,Enlace
joint,articulación
savings,ahorros
rule,regla
preserve,preservar
diet,dieta
territory,territorio
tea,té
bend,curva
gain,ganar
arrange,arreglar
resolve,resolver
walk,andar
passage,paso
lock,cerrar
tear,lágrima
resistance,resistencia
present,presente
stream,arroyo
slide,deslizar
green,verde
sharp,agudo
display,mostrar
cycle,ciclo
pose,pose
phase,fase
transition,transición
reduction,reducción
negotiation,negociación
manufacturer,fabricante
interview,entrevista
quote,cita
deserve,merecer
trust,confianza
sale,rebaja
layer,capa
wedding,boda
discovery,descubrimiento
mine,mía
academy,academia
sand,arena
hit,pegar
missile,misil
elect,electo
climate,climatizado
participation,participación
knife,cuchillo
benefit,beneficio
atmosphere,atmósfera
joke,broma
urge,urgir
ordinary,común
visual,visual
numerous,numeroso
occasion,ocasión
philosophy,filosofía
suicide,suicidio
shall,deberá
glad,contento
goods,bienes
moreover,es más
coat,Saco
consistent,coherente
alcohol,alcohol
opposite,opuesto
cop,policía
universe,universo
breathe,respirar
practical,práctico
therapy,terapia
shift,cambio
racial,racial
elsewhere,en otra parte
rarely,poco frecuentemente
essentially,esencialmente
discipline,disciplina
reply,respuesta
Mexican,mexicano
passion,pasión
tale,cuento
dust,polvo
kiss,Beso
iron,planchar
independence,independencia
contact,contacto
Spanish,español
advance,ventaja
pot,maceta
potato,papa
motor,motor
pack,embalar
dominate,dominar
marketing,márketing
disaster,desastre
exposure,exposición
complaint,queja
cap,gorra
congressional,del congreso
jacket,chaqueta
intense,intenso
touch,toque
for,por
impose,imponer
electric,eléctrico
implement,implementar
enforcement,aplicación
analyze,analizar
sure,Por supuesto
retire,jubilarse
deficit,déficit
emphasis,énfasis
concentrate,concentrarse
accomplish,realizar
previously,previamente
symbol,símbolo
bureau,oficina
laboratory,laboratorio
attach,adjuntar
fundamental,fundamental
whenever,en cualquier momento
arrangement,arreglo
investigator,investigador
mark,Marcos
another,otro
shock,choque
adjust,ajustar
employer,empleador
visible,visible
pass,aprobar
priest,sacerdote
volunteer,voluntario
interpretation,interpretación
entertainment,entretenimiento
habit,hábito
illustrate,ilustrar
equally,Igualmente
prospect,perspectiva
enhance,mejorar
severe,severo
other,otro
monitor,monitor
amazing,increíble
poverty,pobreza
increasing,creciente
boss,jefe
inspire,inspirar
anger,ira
heavily,fuertemente
parking,estacionamiento
print,imprimir
maker,fabricante
involvement,intervención
queen,reina
gene,gene
vary,variar
approximately,aproximadamente
gallery,galería
evaluate,evaluar
fat,grasa
trade,comercio
transfer,transferir
exercise,ejercicio
usual,habitual
mystery,misterio
entry,entrada
ring,anillo
mood,ánimo
bean,frijol
still,quieto
objective,objetivo
capable,capaz
constant,constante
light,luz
substance,sustancia
total,total
strongly,fuertemente
exception,excepción
commander,comandante
spending,gasto
crucial,crucial
acre,acre
wire,cable
command,dominio
nervous,nervioso
cross,equis
so-called,así llamado
competitive,competitivo
Asian,asiático
tower,torre
veteran,veterano
creature,criatura
smoke,fumar
Arab,árabe
prince,Príncipe
alliance,Alianza
transportation,transporte
stop,detener
luck,suerte
symptom,síntoma
bury,enterrar
clinic,clínica
illness,enfermedad
championship,campeonato
prisoner,prisionero
reputation,reputación
edition,edición
juice,jugo
sauce,salsa
peak,cima
confront,confrontar
breakfast,desayuno
recognition,reconocimiento
smell,oler
ally,aliado
pure,puro
toy,juguete
salary,salario
electronic,electrónico
bathroom,baño
surely,seguramente
psychological,psicológico
evaluation,evaluación
dimension,dimensión
block,cuadra
race,carrera
personnel,personal
belt,cinturón
accompany,acompañar
implication,implicación
album,álbum
perfectly,perfectamente
strike,Huelga
jet,chorro
hello,Hola
shape,forma
relative,pariente
tourist,turista
phenomenon,fenómeno
fellow,compañero
toss,sacudida
publication,publicación
nearby,cercano
consideration,consideración
rather,bastante
holy,santo
enterprise,empresa
due,adeudado
inner,interno
watch,reloj
Indian,indio
pray,orar
creek,Riachuelo
supply,suministro
boot,bota
whisper,susurro
resist,resistirse
journey,viaje
flag,bandera
disorder,trastorno
designer,diseñador
literally,literalmente
apparent,aparente
permanent,permanente
angle,ángulo
smooth,suave
unlike,diferente a
tablespoon,cucharada
smoke,fumar
consultant,consultor
twin,mellizo
favor,favor
throat,garganta
construct,construir
birthday,cumpleaños
soon,pronto
swing,Balancear
supporter,seguidor
testing,pruebas
reasonable,razonable
mail,correo
silver,plata
retirement,Jubilación
sensitive,sensible
gentleman,Caballero
navy,Armada
terrorism,terrorismo
occasionally,ocasionalmente
glance,mirada
observer,observador
constantly,constantemente
bind,unir
wet,mojado
line,línea
dig,cavar
quit,abandonar
digital,digital
straight,directo
vs,VS
assist,asistir
employment,empleo
suggestion,sugerencia
rapidly,rápidamente
estimate,estimar
embrace,abrazar
junior,júnior
stomach,estómago
extreme,extremo
pretty,bastante
mine,mía
recovery,recuperación
negotiate,negociar
impression,impresión
wage,salario
fifth,quinto
FALSE,FALSO
count,contar
pink,rosa
absence,ausencia
aggressive,agresivo
corn,maíz
mixture,mezcla
substantial,sustancial
grandmother,abuela
quietly,en silencio
jail,celda
specialist,especialista
dealer,distribuidor
poem,poema
butter,manteca
conventional,convencional
pace,ritmo
intention,intención
peer,par
restore,restaurar
wooden,de madera
criticize,criticar
nevertheless,a pesar de eso
approval,aprobación
historic,histórico
secure,seguro
preparation,preparación
Latin,latín
lord,señor
teaspoon,cucharilla
musical,musical
weigh,pesar
comment,comentario
pan,sartén
assure,asegurar
viewer,espectador
arise,aumentar
administrator,administrador
immigration,inmigración
plant,planta
honest,honesto
origin,origen
giant,gigante
diversity,diversidad
tomato,tomate
advise,consejo
biological,biológico
shell,caparazón
essay,ensayo
roll,rodar
historian,historiador
deputy,diputado
date,fecha
effectively,efectivamente
fast,rápido
schedule,calendario
buck,dólar
tube,tubo
refugee,refugiado
depth,profundidad
flat,departamento
precisely,precisamente
mad,loco
alternative,alternativa
disability,discapacidad
destruction,destrucción
dream,sueño
drop,soltar
assumption,suposición
normally,normalmente
angel,ángel
pop,estallido
criteria,criterios
minor,menor
crop,cosecha
barrier,barrera
assign,asignar
elementary,elemental
valuable,valioso
testimony,testimonio
stake,apostar
concert,concierto
label,etiqueta
routine,rutina
wealth,riqueza
professional,profesional
gang,pandilla
incorporate,incorporar
brand,marca
recipe,receta
vacation,vacación
utility,utilidad
satellite,satélite
extraordinary,extraordinario
wave,onda
ultimate,final
chemical,químico
advocate,defensor
wonder,preguntarse
educator,educador
cake,pastel
phrase,frase
yell,gritar
personally,personalmente
respondent,demandado
Palestinian,palestino
classic,clásico
snap,quebrar
via,a través de
lawsuit,demanda judicial
install,Instalar en pc
sweep,barrer
festival,festival
draft,sequía
heaven,cielo
switch,cambiar
activist,activista
ceiling,techo
clock,reloj
graduate,graduado
aunt,tía
darkness,oscuridad
daddy,papi
royal,real
advertising,publicidad
rough,bruto
pregnant,embarazada
penalty,multa
distant,distante
developing,desarrollando
yield,producir
wind,viento
armed,armado
mechanism,mecanismo
rank,rango
killer,asesino
fence,cerca
ahead,adelante
universal,universal
terror,terror
wolf,lobo
house,casa
anxiety,ansiedad
chemical,químico
found,encontrado
protein,proteína
engineering,Ingenieria
clothing,ropa
proceed,Continuar
fiber,fibra
react,reaccionar
bottom,abajo
spin,girar
roughly,apenas
drama,drama
liberty,libertad
ingredient,ingrediente
hip,cadera
provision,disposición
burden,carga
teen,adolescente
survival,supervivencia
unlikely,improbable
Italian,italiano
chamber,cámara
lost,perdió
communicate,comunicar
stupid,tonto
bet,apuesta
advance,ventaja
Muslim,musulmán
bell,campana
onion,cebolla
disagree,discrepar
encounter,encontrar
constitutional,constitucional
cabinet,gabinete
remarkable,Notable
broken,roto
latter,último
overcome,superar
virus,virus
stranger,extraño
retain,retener
match,partido
prize,premio
string,cuerda
exhibition,exhibición
expansion,expansión
tremendous,tremendo
bunch,racimo
assistant,asistente
initially,inicialmente
accurate,preciso
cheek,mejilla
index,índice
occupy,ocupar
gear,engranaje
guarantee,garantizar
chocolate,chocolate
ceremony,ceremonia
button,botón
shopping,compras
pay,pagar
dispute,disputar
like,me gusta
furniture,muebles
marine,marina
statistics,Estadísticas
Olympic,olímpico
balance,equilibrio
wipe,Borrar
spokesman,portavoz
super,súper
Islamic,islámico
track,pista
translate,traducir
interpret,interpretar
testify,testificar
cooperation,cooperación
friendly,amigable
profile,perfil
pants,pantalones
whereas,mientras
honor,honor
elite,élite
decline,rechazar
port,Puerto
complicated,Complicado
cousin,primo
strategic,estratégico
terrorist,terrorista
chart,gráfico
drawing,dibujo
though,aunque
gently,suavemente
pack,embalar
odd,extraño
incentive,incentivo
innocent,inocente
imply,implicar
taste,gusto
stadium,estadio
scenario,guión
shooting,tiroteo
blind,ciego
assembly,asamblea
withdraw,retirar
strip,banda
market,mercado
lover,amante
process,proceso
mainly,principalmente
aircraft,aeronave
newly,recién
ideal,ideal
dirt,suciedad
flow,caudal
boundary,Perímetro
resort,complejo
genetic,genético
stick,vara
concentration,concentración
naturally,naturalmente
ministry,ministerio
surprising,sorprendente
adviser,asesor
recommendation,recomendación
similarly,similar
justify,justificar
wildlife,fauna silvestre
bench,mesa de trabajo
bullet,bala
mode,modo
square,cuadrado
champion,campeón
dismiss,despedir
deck,plataforma
lifetime,toda la vida
extensive,extenso
attractive,atractivo
politically,políticamente
regularly,regularmente
raw,crudo
fault,culpa
clinical,clínico
detect,detectar
considerable,considerable
working,trabajando
partly,parcialmente
platform,plataforma
remote,remoto
blue,azul
respect,respeto
top,cima
fortune,fortuna
slave,esclavo
delivery,entrega
worth,valor
reflection,reflexión
relevant,importante
unknown,desconocido
pause,pausa
likely,probable
tissue,pañuelo de papel
sink,fregadero
counter,encimera
Bible,Biblia
license,licencia
tragedy,tragedia
assistant,asistente
dialogue,diálogo
mutual,mutual
loose,perder
external,externo
pride,orgullo
awareness,conciencia
electricity,electricidad
diverse,diverso
advanced,avanzado
free,gratis
faster,más rápido
conservative,conservador
online,en línea
assault,agresión
shortly,dentro de poco
finance,Finanzas
originally,originalmente
founder,fundador
lie,mentir
characterize,caracterizar
protest,protesta
pole,polo
intellectual,intelectual
communist,comunista
infection,infección
controversy,controversia
double,doble
freeze,congelar
portrait,retrato
proof,prueba
satisfaction,satisfacción
insight,percepción
headquarters,sede
stair,escalera
crash,choque
constitute,constituir
thirty,treinta
alter,alterar
sudden,repentino
not,no
potentially,potencialmente
dirty,sucio
evolve,evolucionar
teenager,adolescente
violation,violación
joy,alegría
smell,oler
possess,poseer
hurricane,huracán
offense,ofensa
relax,relax
appeal,apelación
mount,montar
treaty,tratado
prior,previo
memorial,monumento
establishment,establecimiento
hold,mantener
tap,tocar
swim,nadar
properly,adecuadamente
gulf,Golfo
tongue,lengua
salad,ensalada
practice,práctica
favorite,favorito
shelter,refugio
correspondent,corresponsal
introduction,Introducción
funeral,funeral
literary,literario
convert,convertir
violate,violar
rub,frotar
entrance,entrada
episode,episodio
tournament,torneo
vital,vital
stable,estable
split,separar
representation,representación
stress,estrés
fiction,ficción
lane,carril
distinction,distinción
segment,segmento
transfer,transferir
comprehensive,integral
confident,confidente
easy,fácil
prominent,prominente
presentation,presentación
net,red
squeeze,estrujar
tobacco,tabaco
significance,significado
imagination,imaginación
pretend,pretender
mere,mero
mix,mezcla
spot,punto
fade,marchitarse
steady,firme
neither,ninguno de los dos
target,objetivo
nowhere,en ningún lugar
variation,variación
radical,radical
adventure,aventura
profession,profesión
exciting,emocionante
fate,destino
regardless,sin importar
load,carga
singer,cantante
distribute,distribuir
ton,tonelada
instance,instancia
affiliation,afiliación
hunting,caza
pale,pálido
paint,pintar
poet,poeta
gradually,gradualmente
partnership,camaradería
capability,capacidad
Canadian,canadiense
tech,técnico
commerce,comercio
grandfather,abuelo
bake,hornear
shelf,estante
honey,miel
round,redondo
flee,huir
adapt,adaptar
buyer,comprador
divorce,divorcio
defensive,defensivo
bombing,bombardeo
scared,asustado
gesture,gesto
poetry,poesía
reserve,reserva
satisfy,satisfacer
pollution,contaminación
lawn,césped
depending,dependiente
wisdom,sabiduría
since,ya que
comfort,comodidad
plot,gráfico
vulnerable,vulnerable
explosion,explosión
tail,cola
differ,diferir de
fellow,compañero
sustain,sostener
doubt,duda
stability,estabilidad
fantasy,fantasía
obligation,obligación
God,Dios
damage,daño
bike,bicicleta
dining,comida
guide,guía
custom,costumbre
ill,enfermo
celebrity,celebridad
leather,cuero
given,dado
framework,marco de referencia
beat,golpear
owe,deber
slight,leve
witness,testigo
tendency,tendencia
load,carga
crack,grieta
briefly,brevemente
derive,derivar
speaker,vocero
scandal,escándalo
fifteen,quince
scheme,esquema
jazz,jazz
in,en
elderly,anciano
celebration,celebracion
can,puede
evolution,evolución
fighter,combatiente
publicly,en público
store,Tienda
trace,rastro
rid,librar
detective,detective
closer,cerca
limitation,limitación
besides,además
soup,sopa
oven,horno
rapid,rápido
chase,perseguir
sophisticated,sofisticado
tribe,tribu
pipe,tubo
deer,ciervo
illustration,ilustración
ok,OK
arrest,arrestar
mm-hmm,mm-hmm
uniform,uniforme
transmission,transmisión
storage,almacenamiento
pile,montón
survivor,sobreviviente
resemble,parecerse
incredible,increíble
impress,impresionar
economist,economista
efficient,eficiente
fifty,cincuenta
shade,sombra
opera,ópera
calculate,calcular
preference,preferencia
guideline,guía
consume,consumir
maintenance,mantenimiento
formation,formación
glove,guante
scholarship,beca
educate,educar
proportion,proporción
appointment,cita
fund,fondo
conviction,convicción
myth,mito
solar,solar
vessel,buque
wealthy,saludable
friendship,amistad
membership,afiliación
craft,artesanía
qualify,calificar
French,Francés
earnings,ganancias
waste,desperdicio
asleep,dormido
porch,porche
controversial,controversial
painful,doloroso
congressman,congresista
mama,mamá
monitor,monitor
surprise,sorpresa
infant,niño
cow,vaca
proposed,propuesto
sufficient,suficiente
oak,roble
terrorist,terrorista
mall,centro comercial
punishment,castigo
helpful,útil
ongoing,en curso
admission,admisión
frequency,frecuencia
ratio,relación
delay,demora
privacy,privacidad
trick,truco
etc,etc.
circuit,circuito
musician,músico
sue,demandar
purchase,compra
aide,ayudante
modest,modesto
helicopter,helicóptero
empire,imperio
detailed,detallado
efficiency,eficiencia
humor,humor
sanctions,sanciones
badly,gravemente
tennis,tenis
emission,emisión
desperate,desesperado
garlic,ajo
contest,el concurso
strengthen,fortalecer
demonstration,demostración
restriction,restricción
Irish,irlandesa
hunter,cazador
standing,de pie
handful,puñado
explode,explotar
prompt,oportuno
absorb,absorber
suspect,sospechar
eager,ansioso
temporary,temporario
commissioner,notario
diamond,diamante
curious,curioso
differently,diferentemente
across,en
reservation,reserva
downtown,centro
adjustment,ajustamiento
composition,composición
relative,pariente
tiger,Tigre
fabric,tela
assert,afirmar
discrimination,discriminación
float,flotar
request,petición
math,Matemáticas
overlook,pasar por alto
corps,cuerpo
sequence,secuencia
complex,complejo
heel,tacón
successfully,exitosamente
examination,examen
horizon,horizonte
German,Alemán
absolute,absoluto
anticipate,anticipar
yours,tuya
dominant,dominante
bull,toro
prevention,prevención
meter,metro
legitimate,legítimo
mask,mascarilla
bite,morder
suit,traje
stroke,carrera
assignment,asignación
lion,león
sense,sentido
rifle,rifle
brilliant,brillante
appoint,nombrar
boom,auge
naked,desnudo
hungry,hambriento
tight,ajustado
flame,fuego
Palestinian,palestino
economics,ciencias económicas
cabin,cabina
print,imprimir
orange,naranja
wander,deambular
taxpayer,contribuyente
romantic,romántico
devote,dedicar
inflation,inflación
furthermore,además
pine,pino
agriculture,agricultura
legacy,legado
extension,extensión
barrel,barril
arrival,llegada
register,Registrarse
flavor,sabor
versus,versus
risk,riesgo
flesh,carne
submit,entregar
garage,garaje
cotton,algodón
operator,operador
nut,tuerca
rate,Velocidad
blade,espada
girlfriend,Novia
fly,volar
dependent,dependiente
carbon,carbón
heritage,patrimonio
organic,orgánico
ambassador,embajador
invasion,invasión
summit,cumbre
lifestyle,estilo de vida
agricultural,agrícola
shrug,encogimiento de hombros
counsel,consejo
associate,asociado
major,principal
distinguish,distinguir
menu,menú
awful,horrible
wound,herida
manufacturing,fabricación
consumption,consumo
permission,permiso
twelve,doce
offensive,ofensivo
shower,ducha
collapse,colapsar
undergo,someterse
function,función
consciousness,conciencia
correct,correcto
dry,seco
frustration,frustración
operating,operando
ease,facilitar
carrier,transportador
scope,alcance
grain,grano
distinct,distinto
ranch,rancho
workshop,taller
auto,auto
publisher,editor
narrator,narrador
brush,cepillo
ban,prohibición
portray,retratar
fighting,lucha
borrow,tomar prestado
seize,tomar
psychology,psicología
subsequent,subsecuente
exceed,superar
crack,grieta
killing,asesinato
deadline,plazo
athletic,atlético
wise,sabio
medication,medicamento
repeatedly,repetidamente
frequent,frecuente
rocket,cohete
fame,fama
lung,pulmón
depict,representar
persuade,persuadir
tent,tienda
ah,ahorcado
motivation,motivación
odds,posibilidades
worried,preocupado
principal,principal
firm,firma
ugly,feo
adequate,adecuado
nonetheless,sin embargo
criminal,delincuente
widespread,generalizado
transformation,transformación
physically,físicamente
provider,proveedor
admire,admirar
headline,titular
miracle,milagro
institutional,institucional
homeless,Vagabundo
impressive,impresionante
chef,cocinero
tactic,táctica
measurement,medición
identification,identificación
province,provincia
moderate,moderado
consensus,consenso
lovely,precioso
comedy,comedia
shore,costa
photographer,fotógrafo
venture,empresa
competitor,competidor
nomination,nominación
confusion,confusión
attribute,atributo
horror,horror
orientation,orientación
weekly,semanalmente
legislature,legislatura
basket,cesta
crash,choque
continued,continuado
blanket,frazada
orange,naranja
eagle,águila
changing,cambiando
mouse,ratón
ethics,ética
high,alto
ghost,fantasma
everyday,todos los días
rope,soga
formula,fórmula
exhibit,anexo
nerve,nervio
cope,lidiar
running,corriendo
psychologist,psicólogo
acid,ácido
principal,principal
pet,mascota
pitch,terreno de juego
occupation,ocupación
courage,coraje
defeat,fracaso
pregnancy,el embarazo
actress,Actriz
patch,parche
margin,margen
reinforce,reforzarse
collective,colectivo
brick,ladrillo
script,texto
cooking,Cocinando
tunnel,túnel
document,documento
concrete,concreto
recruit,recluta
grocery,tienda de comestibles
lemon,limón
dare,atrevimiento
exact,exacto
battery,batería
surprisingly,asombrosamente
artistic,artístico
shit,mierda
indication,indicación
cookie,Galleta
intensity,intensidad
dramatically,dramáticamente
piano,piano
concerning,sobre
lap,vuelta
inquiry,consulta
Catholic,católico
discourse,discurso
laughter,la risa
anniversary,aniversario
telescope,telescopio
swear,jurar
park,parque
charity,caridad
clue,clave
grave,tumba
narrative,narrativo
hypothesis,hipótesis
upset,decepcionado
acceptable,aceptable
favor,favor
couch,sofá
defendant,acusado
compose,componer
cool,frio
ballot,votación
related,relacionado
cluster,grupo
pie,tarta
concern,inquietud
recording,grabación
rail,carril
decrease,disminuir
rape,violación
interrupt,interrumpir
architect,arquitecto
sigh,suspiro
remark,observación
Christian,cristiano
invent,inventar
prescription,prescripción
reward,premio
sacred,sagrado
organ,Organo
abroad,en el extranjero
devil,demonio
dear,Estimado
rank,rango
superior,superior
military,militar
greatly,muy
airplane,avión
host,anfitrión
habitat,hábitat
coal,carbón
soccer,fútbol
entitle,dar derecho
delay,demora
instructor,instructor
integrity,integridad
shine,brillar
mess,desorden
norm,norma
allegation,alegación
pill,píldora
tight,ajustado
cry,llorar
okay,de acuerdo
pleased,satisfecho
plain,plano
inspector,inspector
forum,foro
powder,polvo
sin,pecado
evident,evidente
sponsor,patrocinador
acceptance,aceptación
prosecution,enjuiciamiento
cognitive,cognitivo
presidency,presidencia
finance,Finanzas
favor,favor
magic,magia
northwest,noroeste
regulate,regular
exclude,excluir
colonial,colonial
rent,alquilar
peer,par
civilian,civil
harbor,puerto
estimated,estimado
rhythm,ritmo
midnight,doce de la noche
counselor,consejero
highlight,resaltar
palace,palacio
trading,comercio
compound,compuesto
bare,desnudo
echo,eco
integrate,integrar
slice,rodaja
combat,combate
shop,tienda
medium,medio
log,Iniciar sesión
surgeon,cirujano
excuse,disculpar
ritual,ritual
resign,renunciar
net,red
excited,emocionado
lightly,ligeramente
evil,maldad
bitter,amargo
export,exportar
swing,Balancear
clay,arcilla
logic,lógica
virtue,virtud
container,envase
quarterback,jugador de ataque
beg,mendigar
salmon,salmón
greet,saludar
curve,curva
mill,molino
closet,armario
interior,interior
rod,varilla
candy,caramelo
restrict,restringir
initiate,iniciado
reverse,reverso
ethical,ético
secondary,secundario
administrative,administrativo
confuse,confundir
deadly,mortal
pig,cerdo
suburban,suburbano
medal,medalla
receiver,receptor
gaze,mirada
collapse,colapsar
snake,víbora
march,marcha
experimental,experimental
civilization,civilización
classical,clásico
fold,doblar
weakness,debilidad
corridor,corredor
harsh,duro
retail,venta minorista
mortgage,hipoteca
harder,más difícil
developer,desarrollador
legend,leyenda
excitement,excitación
enforce,hacer cumplir
murder,asesinato
occasional,ocasional
cowboy,vaquero
minimum,mínimo
flash,destello
reliable,seguro
suburb,suburbio
melt,derretir
fit,encajar
contend,contender
plead,alegar
written,escrito
flood,inundación
unlike,diferente a
stem,provenir
inevitable,inevitable
essence,esencia
pitcher,lanzador
tip,propina
subtle,sutil
stretch,estirar
slam,golpe
unemployment,desempleo
trunk,trompa
privilege,privilegio
burst,ráfaga
pitch,terreno de juego
architecture,arquitectura
monthly,mensual
render,prestar
mainstream,convencional
frankly,francamente
obstacle,obstáculo
motivate,motivar
trap,trampa
drinking,Bebiendo
elbow,codo
rumor,rumor
swallow,tragar
legislative,legislativo
lecture,conferencia
daily,diariamente
jeans,vaqueros
duck,pato
slope,Pendiente
t-shirt,camiseta de manga corta
inspection,inspección
speed,velocidad
strict,estricto
overwhelming,abrumador
assemble,armar
missing,perdido
seemingly,aparentemente
label,etiqueta
fraud,fraude
reach,alcanzar
plain,plano
protest,protesta
implementation,implementación
hunt,caza
boyfriend,novio
integration,integración
rat,rata
wish,deseo
broadcast,transmisión
Korean,coreano
nail,clavo
pen,bolígrafo
consult,consultar
companion,compañero
encounter,encontrar
monster,monstruo
nightmare,pesadilla
beef,carne de vaca
win,ganar
serving,servicio
globe,globo
cholesterol,colesterol
parliament,parlamento
suite,suite
continuing,continuo
pop,estallido
hence,por lo tanto
lend,prestar
project,proyecto
sixth,sexto
mud,lodo
pump,bomba
flour,harina
hostage,rehén
ownership,propiedad
facilitate,facilitar
basement,sótano
correlation,correlación
hurry,apurarse
insect,insecto
arena,arena
drift,deriva
notice,darse cuenta
domain,dominio
cave,cueva
African-American,Afroamericano
consistently,consecuentemente
leap,salto
final,final
effectiveness,eficacia
maximum,máximo
array,formación
unexpected,inesperado
curtain,cortina
sandwich,Sandwich
peaceful,pacífico
humanity,humanidad
prediction,predicción
Roman,romano
ideology,ideología
railroad,ferrocarril
possession,posesión
horn,bocina
replacement,reemplazo
announcement,anuncio
pond,estanque
conduct,conducta
forgive,perdonar
past,pasado
Muslim,musulmán
bishop,obispo
aim,apuntar
top,cima
uncomfortable,incómodo
subject,Asunto
laugh,risa
rip,rotura
random,aleatorio
herb,hierba
and/or,y/o
dump,vertedero
online,en línea
warm,cálido
guilt,culpa
cattle,vacas
strain,tensión muscular
sheriff,alguacil
behave,comportarse
response,respuesta
crystal,cristal
execute,ejecutar
wrist,pulsera
motive,motivo
painter,pintor
convict,condenar
simultaneously,simultaneamente
recession,recesión
await,esperar
hallway,pasillo
dose,dosis
brush,cepillo
endure,soportar
counseling,asesoramiento
civilian,civil
suck,chupar
accommodate,acomodar
traditionally,tradicionalmente
spill,derramar
fiscal,fiscal
welcome,bienvenido
retired,jubilado
closed,cerrado
gentle,amable
separation,separación
guard,Guardia
warrior,guerrero
convinced,convencido
southwest,Sur oeste
drunk,borracho
outdoor,exterior
tune,melodía
patient,paciente
harm,dañar
cloth,tela
wherever,lo que sea
administer,administrar
short,corto
supervisor,supervisor
compromise,compromiso
grateful,agradecido
Hispanic,Hispano
Japanese,japonés
mandate,mandato
average,promedio
alarm,alarma
cruise,crucero
injure,lesionar
sculpture,escultura
award,premio
drain,fuga
temple,templo
dancer,bailarín
towel,toalla
Islam,islam
continuous,continuo
govern,regir
crown,corona
contractor,contratista
adolescent,adolescente
skirt,falda
abuse,abuso
bacteria,bacterias
adoption,adopción
intelligent,inteligente
praise,felicitar
outer,exterior
nearby,cercano
glance,mirada
grip,agarre
profound,profundo
trigger,generar
stuff,cosa
uncertainty,incertidumbre
driving,conduciendo
enthusiasm,entusiasmo
complexity,complejidad
excuse,disculpar
cafe,cafetería
survey,encuesta
virtual,virtual
undermine,socavar
unity,unidad
chaos,caos
commonly,comúnmente
endless,interminable
rhetoric,retórica
trait,rasgo
pension,pensión
genuine,auténtico
sweat,sudor
European,europeo
innovation,innovación
no,no
matter,materia
currency,divisa
forty,cuarenta
lobby,vestíbulo
theoretical,teórico
bat,murciélago
makeup,maquillaje
pleasant,placentero
rebuild,reconstruir
horrible,horrible
pad,almohadilla
suspend,suspender
relieve,aliviar
resume,resumir
respectively,respectivamente
promotion,promoción
technological,tecnológico
galaxy,galaxia
altogether,en total
apologize,disculparse
research,investigar
infrastructure,infraestructura
shuttle,lanzadera
thumb,pulgar
questionnaire,cuestionario
sidewalk,acera
businessman,empresario
weird,extraño
radiation,radiación
format,formato
scare,susto
bounce,rebotar
doll,muñeca
attraction,atracción
needle,aguja
Israeli,israelí
lock,cerrar
counterpart,contrapartida
convey,transmitir
compensation,compensación
ship,Embarcacion
exclusive,exclusivo
twist,girar
precise,preciso
suspicion,sospecha
southeast,Sureste
walking,caminando
boost,aumentar
scatter,dispersión
rebel,rebelde
van,camioneta
identical,idéntico
shame,vergüenza
blow,soplar
delicate,delicado
Olympics,Juegos Olímpicos
wider,más amplio
corruption,corrupción
hook,gancho
lieutenant,teniente
firmly,firmemente
structural,estructural
pause,pausa
invisible,invisible
forehead,frente
traveler,viajero
meaningful,significativo
provided,previsto
colony,colonia
signature,firma
database,base de datos
clerk,oficinista
dedicate,dedicar
determination,determinación
signal,señal
anxious,ansioso
sum,suma
frozen,congelado
juror,jurado
timing,sincronización
punish,castigar
crawl,gatear
conscious,consciente
colonel,coronel
fitness,aptitud física
landing,aterrizaje
doctrine,doctrina
belly,vientre
pope,papa
thereby,de este modo
historically,históricamente
playoff,eliminatoria
poster,póster
harder,más difícil
acquisition,adquisición
rescue,rescate
departure,partida
summary,resumen
wrong,equivocado
medium,medio
chronic,crónico
evil,maldad
handsome,elegante
finish,terminar
hug,abrazo
wow,guau
pursuit,buscar
residence,residencia
loud,alto
promising,prometedor
disk,disco
doorway,puerta
diagnosis,diagnóstico
scout,explorar
cancel,cancelar
desire,deseo
amid,entre
envelope,sobre
sooner,cuanto antes
beam,haz
reluctant,reacio
spouse,esposa
fluid,líquido
exit,salida
mild,templado
electrical,eléctrico
bite,morder
bath,baño
decent,decente
ankle,tobillo
transaction,transacción
reporting,informes
exhibit,anexo
pit,foso
practically,prácticamente
oxygen,oxígeno
racism,racismo
fist,puño
garbage,basura
ban,prohibición
guitar,guitarra
expertise,pericia
parade,desfile
exploration,exploración
carve,esculpir
realm,reino
recipient,recipiente
residential,Residencial
bias,parcialidad
sunlight,luz del sol
lamp,lámpara
donor,donante
repair,reparar
sharply,bruscamente
hers,suyo
guidance,Guia
diplomatic,diplomático
classic,clásico
purple,púrpura
princess,princesa
candle,vela
advocate,defensor
generous,generoso
strip,banda
necessity,necesidad
tuck,pliegue
debate,debate
statue,estatua
frame,marco
elevator,ascensor
popularity,popularidad
indicator,indicador
entity,entidad
interior,interior
limb,miembro
bold,audaz
hesitate,dudar
magic,magia
starting,a partir de
diminish,disminuir
inside,en el interior
readily,fácilmente
elegant,elegante
engagement,compromiso
rage,furia
destination,destino
realistic,realista
intent,intención
metaphor,metáfora
automobile,automóvil
productive,productivo
endorse,endosar
isolate,aislar
confess,confesar
wilderness,desierto
minimize,minimizar
diagnose,diagnosticar
happiness,felicidad
spectrum,espectro
hint,insinuación
eating,comiendo
tune,melodía
volunteer,voluntario
abstract,resumen
revolutionary,revolucionario
gym,gimnasia
addition,suma
Russian,ruso
disappointed,decepcionado
particle,partícula
repair,reparar
dynamic,dinámica
pump,bomba
kiss,Beso
value,valor
automatically,automáticamente
overall,general
dawn,amanecer
ruling,decisión
mechanical,mecánico
feel,sentir
vitamin,vitamina
silly,tonto
handle,resolver
artificial,artificial
outstanding,pendiente
age,años
peel,cáscara
rescue,rescate
oral,oral
o'clock,en punto
undertake,emprender
lonely,solitaria
servant,servidor
indigenous,indígena
civic,cívico
full-time,tiempo completo
worry,preocuparse
cooperate,cooperar
casual,casual
behavioral,de comportamiento
shortage,escasez
reception,recepción
offering,ofrecimiento
huh,¿eh?
credibility,credibilidad
chin,barbilla
physics,física
vanish,desaparecer
blend,mezcla
noon,mediodía
precious,precioso
command,dominio
wake,despertar
flip,voltear
scary,aterrador
pizza,pizza
toilet,baño
representative,representante
silk,seda
bid,licitación
gathering,reunión
softly,suavemente
annually,anualmente
hook,gancho
suffering,sufrimiento
accuracy,precisión
marine,marina
broker,corredor
hopefully,Ojalá
descend,descender
tide,marea
trail,camino
stumble,tropezón
verbal,verbal
spring,primavera
collector,coleccionista
judicial,judicial
burning,incendio
inventory,inventario
fool,engañar
way,camino
loyalty,lealtad
performer,ejecutante
kit,equipo
romance,romance
quantity,cantidad
alleged,presunto
therapist,terapeuta
longtime,largo tiempo
sink,fregadero
sentiment,sentimiento
sodium,sodio
seal,sello
trailer,remolque
spread,untado
shared,compartido
equity,capital
banking,bancario
ridiculous,ridículo
processing,Procesando
please,por favor
dilemma,dilema
quest,búsqueda
pillow,almohada
slice,rodaja
shock,choque
lately,últimamente
laser,láser
rigid,rígido
ours,nuestro
prohibit,prohibir
switch,cambiar
genius,genio
starter,inicio
stem,provenir
primary,primario
cart,carro
trap,trampa
Cuban,cubano
inmate,preso
sacrifice,sacrificio
officially,oficialmente
slap,bofetada
credit,crédito
mysterious,misterioso
Arab,árabe
specialize,especializarse
fork,tenedor
invitation,invitación
sail,navegar
regulatory,regulador
cartoon,dibujos animados
stiff,rígido
courtroom,sala de justicia
import,importar
tightly,estrechamente
flash,destello
equation,ecuación
treasure,tesoro
jaw,mandíbula
scan,escanear
condemn,condenar
improved,mejorado
pickup,recoger
dignity,dignidad
inspiration,inspiración
automatic,automático
merchant,comerciante
Greek,Griego
hostile,hostil
extended,extendido
homeland,patria
gasoline,gasolina
gravity,gravedad
defeat,fracaso
near,cerca
thoroughly,minuciosamente
exchange,intercambio
bow,inclinarse
glory,gloria
reserve,reserva
optimistic,optimista
sergeant,sargento
casualty,víctima
concede,conceder
bloody,sangriento
barn,granero
donate,donar
unite,unir
pro,Pro
senior,sénior
feedback,comentario
grief,dolor
spite,despecho
steep,empinado
productivity,productividad
conceive,concebir
tender,tierno
continent,continente
hardware,hardware
equip,equipar
wagon,vagón
besides,además
output,producción
withdrawal,retiro
elder,mayor
cage,jaula
coastal,costero
patience,paciencia
shallow,poco profundo
earthquake,terremoto
voting,votación
input,aporte
canvas,lienzo
slide,deslizar
click,hacer clic
sword,espada
mate,compañero
portfolio,portafolio
bug,insecto
refrigerator,refrigerador
escape,escapar
heat,calor
northeast,Noreste
seventh,séptimo
post,correo
combined,conjunto
alien,extraterrestre
willingness,disponibilidad
hidden,oculto
accounting,contabilidad
sexually,sexualmente
chop,cortar
patrol,patrulla
symbolic,simbólico
ruin,ruina
rock,roca
drum,tambor
opposed,opuesto
sheer,escarpado
ideological,ideológico
discourage,desalentar
canal,canal
prior,previo
haul,transportar
protective,protector
regard,respecto
conspiracy,conspiración
steam,vapor
embassy,embajada
tackle,abordar
tropical,tropical
instantly,instantáneamente
bubble,burbuja
calm,tranquilo
sheep,oveja
rent,alquilar
accent,acento
grasp,sujetar
modify,modificar
grin,sonrisa
toxic,tóxico
mixed,mezclado
magnitude,magnitud
afterward,después
root,raíz
progressive,progresivo
manipulate,manipular
vaccine,vacuna
monument,Monumento
trace,rastro
verdict,veredicto
flexible,flexible
declaration,declaración
costume,traje
drawer,cajón
bless,bendecir
rack,estante
secure,seguro
position,posición
deeper,Más adentro
divorce,divorcio
neutral,neutral
fascinating,fascinante
terrific,fantástico
sympathy,compasión
draft,sequía
spectacular,espectacular
ounce,onza
rear,trasero
inn,Posada
collaboration,colaboración
clip,acortar
instruct,instruir
sock,calcetín
rider,jinete
revelation,revelación
object,objeto
accomplishment,logro
seal,sello
faint,tenue
ease,facilitar
spell,deletrear
gospel,evangelio
whale,ballena
theatre,teatro
coordinator,coordinador
talented,talentoso
alongside,junto a
cab,taxi
isolation,aislamiento
costly,costoso
tragic,trágico
loud,alto
instinct,instinto
seat,asiento
intimate,íntimo
underlying,subyacente
respect,respeto
influential,influyente
pastor,pastor
presumably,presumiblemente
cook,cocinero
skip,saltear
eleven,once
tens,declive
whoever,quien
ancestor,antepasado
safely,sin peligro
nominee,candidato
exotic,exótico
minimal,mínimo
uncertain,incierto
Persian,persa
parental,de los padres
orchestra,orquesta
treasury,tesorería
tolerate,tolerar
gallon,galón
thigh,hermético
fortunately,por suerte
ambitious,ambicioso
actively,activamente
flexibility,flexibilidad
jar,frasco
cocaine,cocaína
incredibly,increíblemente
consequently,como consecuencia
documentary,documental
charge,cargo
insert,insertar
ambition,ambición
functional,funcional
bankruptcy,bancarrota
runner,corredor
execution,ejecución
crush,Persona especial
buddy,amigo
workplace,lugar de trabajo
skull,cráneo
cord,cable
fixed,reparado
equivalent,equivalente
casino,casino
reliability,fiabilidad
expected,esperado
boil,hervir
whip,látigo
divine,divino
proposition,proposición
census,censo
correction,corrección
jump,salto
diary,diario
nest,nido
statute,estatuto
exam,examen
metropolitan,metropolitano
star,estrella
nutrition,nutrición
breeze,brisa
illusion,espejismo
anonymous,anónimo
coup,golpe
midst,medio
edit,editar
experienced,experimentado
castle,castillo
sort,clasificar
exploit,explotar
jewelry,joyas
diabetes,diabetes
translation,traducción
Dutch,Holandés
upset,decepcionado
harm,dañar
irony,ironía
associated,asociado
utilize,utilizar
rabbit,Conejo
soap,jabón
booth,puesto
minimum,mínimo
immune,inmune
gut,intestino
appreciation,apreciación
cast,emitir
scramble,lucha
upstairs,piso superior
punch,puñetazo
gross,bruto
liability,responsabilidad
accessible,accesible
mechanic,mecánico
ass,culo
aesthetic,estético
dessert,postre
waist,cintura
alike,similar
brave,corajudo
loop,círculo
passing,paso
partially,parcialmente
statistical,estadístico
correctly,correctamente
pin,clavo
practitioner,facultativo
encouraging,alentador
syndrome,síndrome
tribal,tribal
persist,persistir
trash,basura
teenage,Adolescente
self-esteem,autoestima
preliminary,preliminar
stay,Quédate
sunset,puesta de sol
harassment,acoso
reportedly,según se informa
quote,cita
fever,fiebre
panic,pánico
charter,carta
outlook,panorama
foster,alentar
comprise,comprender
known,conocido
Thanksgiving,Acción de gracias
short-term,Corto plazo
shed,galpón
cooperative,cooperativa
alley,callejón
subsidy,subvención
secular,secular
aluminum,aluminio
cliff,acantilado
gram,gramo
outline,contorno
mentally,mentalmente
invade,invadir
confrontation,confrontación
sacrifice,sacrificio
dissolve,disolver
shy,tímido
coin,moneda
speculation,especulación
creativity,creatividad
custody,custodia
interfere,interferir
spoon,cuchara
bee,abeja
rolling,laminación
interact,interactuar
damn,maldita sea
dam,presa
unfair,injusto
someday,algún día
liquid,líquido
disclose,revelar
mushroom,champiñón
disabled,desactivado
counter,encimera
catalog,catalogar
gaze,mirada
publicity,publicidad
compel,obligar
cease,cesar
ideal,ideal
decorate,Decorar
surrounding,rodeando
exclusively,exclusivamente
bonus,prima
unprecedented,sin precedentes
oversee,supervisar
touchdown,aterrizaje
federation,federación
aggression,agresión
behalf,en nombre de
well-known,bien conocido
donation,donación
desperately,desesperadamente
reward,premio
high-tech,alta tecnología
cheat,hacer trampa
audio,audio
sensation,sensación
entrepreneur,emprendedor
proclaim,proclamar
supplier,proveedor
rival,rival
reminder,recordatorio
heal,curar
case,caso
beast,bestia
uncover,descubrir
merit,mérito
momentum,impulso
stimulate,estimular
rational,racional
columnist,columnista
pioneer,pionero
biology,biología
photography,fotografía
innovative,innovador
purse,bolso
franchise,franquicia
consent,consentir
outfit,vestimenta
eve,víspera
spray,rociar
shove,empujón
fisherman,pescador
sensitivity,sensibilidad
courtesy,cortesía
stack,pila
pork,Cerdo
teammate,compañero de equipo
instant,instante
pulse,legumbres
outsider,forastero
pro,Pro
helmet,casco
ladder,escalera
openly,abiertamente
fierce,intenso
bet,apuesta
required,requerido
shrink,encoger
cute,linda
dot,punto
weaken,debilitar
filter,filtrar
worldwide,mundial
envision,Visualizar
videotape,filmar con una videocámara
partial,parcial
patent,patentar
tray,bandeja
jungle,selva
classify,clasificar
specialty,especialidad
nasty,asqueroso
aisle,pasillo
graph,grafico
wound,herida
sexy,sexy
disturb,molestar
excessive,excesivo
banker,banquero
aid,ayuda
installation,instalación
swimming,nadando
placement,colocación
attendance,asistencia
informal,informal
sack,bolsa
flood,inundación
eighth,octavo
premise,premisa
grill,parrilla
model,modelo
dying,muriendo
colorful,vistoso
hockey,hockey
backyard,patio interior
collar,cuello
breathing,respiración
logical,lógico
lightning,relámpago
dried,seco
discount,descuento
sole,único
boast,presumir
tag,etiqueta
sibling,hermano
stove,cocina
trainer,entrenador
vertical,vertical
added,agregado
marketplace,mercado
cure,curar
curiosity,curiosidad
organizational,organizativo
shrimp,camarón
inherit,heredar
color,color
distract,distraer
isolated,aislado
planner,planificador
supposedly,según cabe suponer
likewise,igualmente
monkey,mono
toll,peaje
embarrassed,avergonzado
deliberately,deliberadamente
bicycle,bicicleta
stance,postura
orbit,orbita
hormone,hormona
depressed,Deprimido
organism,organismo
deploy,desplegar
strictly,estrictamente
deem,considerar
eyebrow,ceja
legally,legalmente
puzzle,rompecabezas
icon,icono
pat,palmadita
closest,más cercano
sneak,furtivo
fleet,flota
conservation,conservación
supportive,apoyo
comparable,comparable
texture,textura
access,acceso
striking,sorprendentes
associate,asociado
Christianity,cristiandad
dip,salsa
disappointment,decepción
sleeve,manga
socially,socialmente
wheat,trigo
chunk,pedazo
two-thirds,dos tercios
pile,montón
refuge,refugio
blank,espacio en blanco
unfold,desplegar
considerably,importantemente
frontier,frontera
faster,más rápido
suspicious,sospechoso
conception,concepción
feather,pluma
elephant,elefante
rain,lluvia
cure,curar
near,cerca
intellectual,intelectual
textbook,libro de texto
joke,broma
glimpse,vistazo
inevitably,inevitablemente
triumph,triunfo
plunge,inmersión
sphere,esfera
hunger,hambre
density,densidad
cheer,alegría
balanced,equilibrado
protocol,protocolo
part,parte
legislator,legislador
auction,subasta
equality,igualdad
risky,arriesgado
cemetery,cementerio
builder,constructor
awake,despierto
retailer,detallista
debut,debut
tighten,apretar
spare,repuesto
compromise,compromiso
constraint,restricción
compliance,cumplimiento
sponsor,patrocinador
emerging,emergente
this,este
elaborate,elaborar
atop,encima
chew,masticar
similarity,semejanza
pencil,lápiz
calculation,cálculo
tolerance,tolerancia
astronomer,astrónomo
bulk,bulto
arm,brazo
interval,intervalo
notebook,computadora portátil
genre,género
likelihood,probabilidad
liberal,liberal
streak,trazo
rib,costilla
scent,aroma
validity,validez
grin,sonrisa
steer,dirigir
intact,intacto
shark,tiburón
uh,oh
programming,programación
dumb,mudo
formerly,antes
squad,equipo
comply,cumplir
debris,escombros
peasant,campesino
outlet,toma de corriente
chase,perseguir
neat,ordenado
valid,válido
kingdom,Reino
solely,solamente
eligible,elegible
regret,arrepentirse
municipal,municipal
strain,tensión muscular
deposit,depósito
transport,transporte
dough,masa
lid,tapa
voluntary,voluntario
journalism,periodismo
any,ninguna
impulse,impulso
policeman,policía
objection,objeción
thrive,prosperar
privately,en privado
cling,adherirse
halfway,Medio camino
unhappy,infeliz
rally,reunión
scratch,rascar
robot,robot
conversion,conversión
supermarket,supermercado
blink,parpadear
philosophical,filosófico
happily,felizmente
thread,hilo
allegedly,presuntamente
ash,ceniza
dynamics,dinámica
denial,negación
riot,alboroto
soar,remontarse
mentor,mentor
beard,barba
widow,viuda
offender,delincuente
landmark,punto de referencia
apart,aparte
instant,instante
routinely,rutinariamente
butt,extremo
forbid,prohibir
bomb,bomba
migration,migración
carrot,zanahoria
harmony,armonía
downtown,centro
brutal,brutal
prevail,prevalecer
weed,hierba
exhaust,escape
pasta,pasta
distinctive,distintivo
fraction,fracción
remark,observación
emotionally,emocionalmente
poke,dar un toque
guarantee,garantizar
dancing,bailando
trouble,problema
freshman,estudiante de primer año
suitable,apropiado
youngster,joven
slavery,esclavitud
balloon,globo
opt,optar
crowded,atestado
liver,hígado
listener,oyente
calm,tranquilo
ironically,irónicamente
affirmative,afirmativo
commodity,producto
fur,piel
freely,libremente
light,luz
removal,eliminación
regard,respecto
round,redondo
goat,cabra
shareholder,accionista
expedition,expedición
loyal,leal
conscience,conciencia
fragile,frágil
calendar,calendario
mineral,mineral
coming,viniendo
circle,círculo
fare,tarifa
blessing,bendición
liberation,liberación
steak,filete
liquid,líquido
ecological,ecológico
banana,plátano
catch,captura
steadily,continuamente
blast,explosión
nonprofit,sin ánimo de lucro
mobile,móvil
straw,Paja
projection,proyección
rubber,caucho
overnight,durante la noche
neighboring,vecino
enact,promulgar
favorable,favorable
severely,severamente
demographic,demográfico
terrain,terreno
explicit,explícito
integrated,integrado
terribly,terriblemente
veteran,veterano
level,nivel
sofa,sofá
screw,tornillo
shield,escudo
invention,invención
Iraqi,iraquí
perceived,percibido
leave,abandonar
cruel,cruel
bomber,bombardeo
provoke,provocar
autonomy,autonomía
publishing,publicación
retreat,retirada
theology,teología
substantially,sustancialmente
mansion,mansión
developmental,de desarrollo
one-third,un tercio
transmit,transmitir
contemplate,contemplar
authorize,autorizar
mathematics,matemáticas
battle,batalla
old-fashioned,Anticuado
lawmaker,él que hace leyes
threshold,límite
radar,Radar
seldom,raramente
low,bajo
headache,dolor de cabeza
rental,alquiler
spy,espiar
patron,patrón
driveway,entrada de coches
till,hasta
broadcast,transmisión
overwhelm,abrumar
coordinate,coordinar
vendor,proveedor
transport,transporte
fragment,fragmento
hammer,martillo
seminar,seminario
availability,disponibilidad
peanut,maní
fantastic,fantástico
depart,salir
permit,permiso
cottage,cabaña
specify,especificar
frustrate,frustrar
disturbing,perturbador
artifact,artefacto
basin,cuenca
regain,recuperar
grape,uva
ego,ego
sometime,algún tiempo
organized,organizado
charm,encanto
sweater,suéter
rim,borde
speculate,especular
delight,deleitar
fatigue,fatiga
devastating,devastador
instructional,instructivo
plea,petición
tourism,turismo
crowd,multitud
warmth,calor
jurisdiction,jurisdicción
update,actualizar
accusation,acusación
diagram,diagrama
middle-class,clase media
graduation,graduación
mention,mencion
beyond,más allá de
within,dentro de
spark,Chispa - chispear
convenience,conveniencia
chill,frío
economically,económicamente
undergraduate,de licenciatura
dictate,dictar
regulator,regulador
defender,defensor
workout,ejercicio
accurately,precisamente
tile,teja
foreigner,extranjero
importantly,en tono rimbombante
citizenship,ciudadanía
plaza,plaza
devise,idear
premium,de primera calidad
chemistry,química
bureaucracy,burocracia
inherent,inherente
hazard,peligro
swell,hinchar
bride,novia
bow,inclinarse
processor,procesador
bucket,Cubeta
timber,madera
feminist,feminista
till,hasta
tumor,tumor
apology,disculpa
screening,poner en pantalla
arrow,flecha
marker,marcador
sunny,soleado
technician,técnico
homework,tareas para el hogar
fog,niebla
soak,Sumergir
mortality,mortalidad
flying,volador
accountability,responsabilidad
skilled,experto
straighten,enderezar
sprinkle,espolvorear
cue,señal
epidemic,epidemia
articulate,articular
rehabilitation,rehabilitación
diplomat,diplomático
ribbon,cinta
transit,tránsito
militia,milicia
kneel,arrodillarse
seller,vendedor
fatal,fatal
twist,girar
compelling,convincente
praise,felicitar
copy,dupdo
well-being,bienestar
laundry,ropa sucia
screen,pantalla
confession,confesión
twentieth,vigésimo
dense,denso
accelerate,acelerar
tribute,tributo
smoking,de fumar
aboard,a bordo
marble,mármol
entertain,entretener
boring,aburrido
scrutiny,escrutinio
bizarre,extraño
bargain,negociar
deeper,Más adentro
drown,ahogar
biography,biografía
naval,naval
nationwide,a escala nacional
skeptical,escéptico
shorts,bermudas
lens,lente
spit,escupir
sexuality,sexualidad
rape,violación
warehouse,depósito
paradise,paraíso
nominate,nombrar
developed,desarrollado
campaign,campaña
unfortunate,desgraciado
grandchild,nieto
tenure,tenencia
preach,predicar
slot,ranura
stereotype,estereotipo
bulb,bulbo
weave,tejido
merger,fusión
inadequate,inadecuado
objective,objetivo
electronics,electrónica
trim,recortar